lemma,pos,bci_av_id
a dormir,ADJ,12589
a ela,PREP,14707
a elas,PREP,14707
a menos que,NOUN,17981
a noite passada,VERB,15174
a própria,PREP,16949
a seguir,ADJ,15714
a semana passada,VERB,15175
a si mesmos,PREP,17713
ab,VERB,12599
abdómen,VERB,17265
abelha,VERB,12651
abertura,VERB,12658
abeto,VERB,14116
aborrecido,ADJ,24827
aborto,VERB,12323
aborto espontâneo,VERB,15477
abraão,PREP,21066
abraçar,PRON,14909
abre-latas,VERB,22396
abrigo,VERB,16955
abril,VERB,12410
abrir,ADJ,15921
abstinência,VERB,12326
abuso de crianças,VERB,13167
abuso sexual,VERB,16766
abutre,VERB,18024
abóbora,VERB,17244
acalefa,VERB,23124
acampamento,VERB,13112
acariciar,PRON,17443
acerca,NOUN,12324
acessórios,VERB,12328
acidente,VERB,12329
acidente de automóvel,VERB,13438
acne,VERB,12332
aconselhar,PRON,12346
acontecer,PRON,14674
acontecimento,VERB,14114
acordar,ADJ,12601
acordeão,VERB,23802
acordo,VERB,12354
acrobata,PREP,24001
actividade,VERB,12335
activo,ADJ,12336
actual,ADJ,13624
actualidades,VERB,13625
actuar,PRON,23609
acupunctureólogo,PREP,21605
acção,VERB,12334
adar,VERB,12337
adeus,OTHER,14454
adicionar,PRON,12338
adivinhar,PRON,14651
adolescente,PREP,17516
adorável,ADJ,15398
adulto,ADJ,12342
advento,VERB,24004
advogado,PREP,23135
adão,PREP,21063
aegir,PREP,22821
aerodeslizador,VERB,22085
aeroporto,VERB,12358
afeganistão,VERB,25008
afiado,ADJ,16943
afogar,PRON,21348
agarrador,VERB,22567
agenda,VERB,15734
agitar,PRON,16934
agora,NOUN,15736
agosto,VERB,12595
agradecer,PRON,17532
agricultor,PREP,14152
agulha,VERB,15703
aipo,VERB,13140
ajoelhar,PRON,15158
ajuda,VERB,14704
ajudar,PRON,14705
alavanca de direcção,VERB,23549
alcançar,PRON,24401
alce,VERB,15652
alemanha,VERB,25414
alergia,VERB,24407
alfabeto,VERB,12366
alface,VERB,15200
alfinete,VERB,16181
algodão em rama,VERB,23048
alguns,ADJ,17207
alguém,PREP,12399
alho,VERB,14423
alho porro bravo,VERB,24476
ali,NOUN,17707
alicates,VERB,16205
alimentar,PRON,14162
alma,VERB,21045
almofada,VERB,16177
almoço,VERB,15405
almôndega,VERB,15445
alpana,VERB,12365
altar,VERB,21368
alto,ADJ,14711
altura,VERB,24909
alugar,VERB,24731
alunagem,PRON,25108
alá,PREP,21035
aléu,VERB,17235
amanhã,VERB,17750
amanhã á noite,VERB,17751
amar,PRON,15400
amarelo,NOUN,18291
amargo,ADJ,12848
amarrotar,PRON,13616
ambiente,VERB,13942
ambos,NOUN,12879
ambulância,VERB,12369
ameixa,VERB,16208
ameixa seca,VERB,16424
amenorreia,VERB,12370
amigo,PREP,14401
amolgadela,VERB,24420
amor,VERB,15399
amor cristão,VERB,21304
amperímetro,VERB,25258
amén,OTHER,21312
américa do norte,VERB,22607
américa do sul,VERB,22608
ananás,VERB,16182
anca,VERB,14713
ancinho,VERB,16461
andar,VERB,12403
andar com um veículo,PRON,16509
andar de avião,PRON,21834
andar de bicicleta,PRON,21832
andar em bicos dos pés,PRON,17733
andarilho,VERB,18032
andebol,VERB,14669
anel,VERB,16675
anfíbios,VERB,12371
animais,VERB,12378
animais de água,VERB,12389
animais domésticos,VERB,12382
animais protegidos,VERB,12385
animal,VERB,17764
animal de estimação,VERB,16168
animal selvagem,VERB,12390
aniversário,VERB,12392
anjo,PREP,12375
ano,VERB,18289
ano luz,VERB,22634
ano seguinte,VERB,15716
ansiedade,VERB,12397
ansioso,ADJ,12398
antena,VERB,24602
antepassada,PREP,21326
antepassado,PREP,21325
anterior,ADJ,16239
antes,NOUN,12352
antipatizar com,PRON,13692
antropologia,VERB,21548
antártica,VERB,22603
anunciar,PRON,21337
anémona do mar,VERB,23653
anúncio,VERB,21338
apagar,PRON,23468
apaixonado,ADJ,24815
apanhar,PRON,13131
aparecer,PRON,21079
aparelhagem,VERB,16471
aparelho de audição,VERB,14693
aparelho intra-uterino,VERB,14963
aparição,VERB,21078
aperfeiçoar,PRON,14931
aperitivo,VERB,22118
apetitoso,ADJ,20526
aplausos,VERB,25013
apontar,PRON,16213
apoplexia,VERB,12593
apostar,PRON,24414
aprender,PRON,15184
aprovar,PRON,12408
aproximação,VERB,12407
apóstolo,PREP,21059
aquecedor de água,VERB,22587
aquecer,PRON,14697
aqueles,NOUN,17723
aqui,NOUN,14708
aquilo,NOUN,17697
aquário,VERB,22647
ar,VERB,12356
arame,VERB,18265
arando,VERB,13433
aranha,VERB,17229
arbusto,VERB,13092
arca frigorífica,VERB,23514
arco,VERB,23818
arco e flecha,VERB,21855
arco íris,VERB,23933
ardente,ADJ,12924
areia,VERB,16715
argumento,VERB,12414
arma,VERB,25213
armadilha,VERB,25199
armadura,VERB,21622
armação com rodas,VERB,17250
armário,VERB,13162
arqueologia,VERB,21554
arqueólogo,PREP,21570
arquitecto,PREP,12412
arranha céus,VERB,23215
arreios,VERB,24143
arreliar,PRON,17515
arrepender-se,PRON,16477
arroz,VERB,16505
arroz simples,VERB,22136
arrumar,PRON,16440
artes,VERB,12581
artes marciais,VERB,21838
articulação,VERB,14973
as,NOUN,17700
asas,VERB,18259
ascensor,VERB,14881
ascensor de cadeira,VERB,24050
aspirador,VERB,22391
assaltar,PRON,23637
assassinar,PRON,15148
assento,VERB,16165
assento de sanita,VERB,24770
assinar,PRON,21537
assinatura,VERB,16979
assinatura em carimbo,VERB,16980
assistente,PREP,13359
assistente social,PREP,17201
assobiar,PRON,12925
associação,VERB,13380
assustador,ADJ,25192
assédio sexual,VERB,16930
astrologia,VERB,22636
astronauta,PREP,12590
astronomia,VERB,21542
astrónomo,PREP,21560
atar,PRON,24311
atento,ADJ,18046
atenção,VERB,12594
aterragem,VERB,15171
aterrorizar,PRON,17527
aterrorizar-se,ADJ,17525
ateísmo,VERB,21301
atirar,PRON,17725
atletismo,VERB,21628
atravessar,PRON,13614
atravessar para o outro lado,NOUN,12333
através,NOUN,17724
atrever-se,PRON,23466
atrás de,NOUN,12348
até,NOUN,17982
até logo,OTHER,16748
atómo,VERB,12592
audiólogo,PREP,21593
aula de ciências,VERB,23167
aula de geografia,VERB,23094
aula de história,VERB,23112
aula de leitura,VERB,23187
aula de línguas,VERB,23131
aula de química,VERB,23040
aumentar,PRON,14936
auscultadores,VERB,13899
austrália,VERB,22605
auto controlo,VERB,16754
autocarro,VERB,13089
automato,VERB,23639
auxiliar,PREP,14706
auxílio financeiro,PRON,17469
avaliar,PRON,13947
avançar,PRON,12343
aventura,VERB,24601
aversão,VERB,13691
avestruz,VERB,15937
avisar,PRON,25210
avião,VERB,12357
avião a jacto,VERB,14970
avó,PREP,14629
avós,PREP,14632
avô,PREP,14626
azeitona,VERB,15917
azul,NOUN,12864
aço,VERB,17258
açor,VERB,14686
açúcar,VERB,17453
babar-se,PRON,24433
babete,VERB,12833
bacalhau,VERB,23044
bacia,VERB,16992
bacio,VERB,24717
badmington,VERB,12617
baga azul,VERB,12866
bagageira,VERB,24613
bagagem,VERB,12618
bago,VERB,12666
bago negro,VERB,23417
bailado,VERB,23414
baixar,PRON,24688
baixo,ADJ,15401
balança,VERB,22643
balança para pesar materiais,VERB,16729
balançar,PRON,17486
balde,VERB,15953
balde do lixo,VERB,14421
balder,PREP,22817
baleia,VERB,18227
balonismo,VERB,22108
balouçar,VERB,17485
balouço,VERB,16751
balão,VERB,12622
banana,VERB,12623
banco,VERB,12626
bandas sonoras,VERB,24422
bandeira,VERB,14193
bandeja,VERB,17773
bangladesh,VERB,24607
banheira,VERB,24809
banho de bolas,VERB,23413
banho de vapor,VERB,17257
baptismo,VERB,21103
bar,VERB,12627
bar mitzvah,VERB,21112
barato,ADJ,13155
barba,VERB,12644
barbear,PRON,16945
barbearia,VERB,12629
barbeiro,PREP,12628
barco,VERB,12869
barco a motor,VERB,22074
barco a motor com cabine,VERB,22074
barco a pedal,VERB,22088
barco a remos,VERB,22076
barco a vapor,VERB,22084
barco de borracha,VERB,22086
barco de rio,VERB,22072
barco de transporte através de rio ou canal,VERB,22083
barco do piloto,VERB,22079
barco rebocador,VERB,22080
barco salva vidas,VERB,22078
barco viquingue,VERB,22829
barco à vela,VERB,16707
barra de chocolate,VERB,22373
barra de gelado,VERB,22370
barrar,PRON,17239
barreira contraceptiva,VERB,12631
barrilha,PREP,15142
barulho,ADJ,15397
base,VERB,12881
base do exército,VERB,12633
basebol,VERB,12632
basquetebol,VERB,12634
batata,VERB,16230
batata doce,VERB,17480
batatas fritas,VERB,14398
batedeira,VERB,22392
batedor de ovos,VERB,22563
batelão,VERB,22081
bater,PRON,25105
bater palmas,PRON,25012
batido,VERB,15470
batom para os lábios,VERB,15219
baunilha,VERB,22314
baunilha em pó,VERB,22315
beber,PRON,13882
bebida,VERB,13881
bebida de chocolate,VERB,13172
bebida não alcoólica,VERB,17202
bebidas alcoólicas,VERB,12359
bebé,PREP,12603
bebé prematuro,VERB,16243
beijar,PRON,15153
beijo,VERB,15152
belarus,VERB,25020
bem vindo,OTHER,18223
bengala,VERB,13119
bens alimentares,VERB,14457
benzer,PRON,25268
beterraba,VERB,12654
betão,VERB,13397
bexiga,VERB,12853
biberão,VERB,24409
biblioteca,VERB,15201
bibliotecário,PREP,23568
bicicleta,VERB,12834
bicicleta de montanha,VERB,21817
bicicleta de transporte de materiais,VERB,21814
bicicleta para cadeira de rodas,VERB,21819
bicicleta reclinada,VERB,21815
bife,VERB,25176
bilhete,VERB,17729
bilhete de identidade,VERB,25088
binóculos,VERB,24416
biologia,VERB,21546
bioquímica,VERB,21545
bioquímico,PREP,21563
biscoito,VERB,13409
biscoitos,VERB,22591
bispo,PREP,21056
biólogo,PREP,21564
blocos,VERB,12860
boa noite,NOUN,24463
boa tardinha,NOUN,24459
boca,VERB,15666
bocejar,PRON,18288
bochecha,VERB,13156
boi,VERB,15951
bola,VERB,12621
bola de comida,VERB,14378
bola de neve,VERB,17194
bola de râguebi,VERB,21807
bola do rato,VERB,23691
bolbo,VERB,15920
bolha,VERB,12916
bolo,VERB,13106
bolo de aniversário,VERB,13106
bolo pequeno,VERB,13409
bolo redondo chato e muito fofo,VERB,22122
bolsa,VERB,14668
bolso,VERB,16209
bom,ADJ,14463
bom dia,NOUN,24461
bomba,VERB,24036
bomba de água,VERB,25146
bombeiro,PREP,14184
bondade,VERB,14456
boneca,VERB,13862
boneco de neve,VERB,17196
boné com pála,VERB,21623
borboleta,VERB,13096
borbulha,VERB,16180
borda,VERB,13907
botas de borracha,VERB,12876
botas de esqui,VERB,16999
botânica,VERB,21547
botânico,PREP,21565
botão,VERB,13098
botão de alarme,VERB,25253
bovinos,VERB,12379
bowling,VERB,12885
bowling na relva,VERB,22835
bradar,PRON,18290
brama,PREP,12892
branco,NOUN,18242
braquial,VERB,12891
brasil,VERB,25024
braço,VERB,12577
brevemente,ADJ,17212
brilhante,VERB,25453
brilhar,PRON,16956
brincar,PRON,16200
brincos,VERB,25447
brinquedo,VERB,17763
brinquedos,VERB,23708
brinquedos de praia,VERB,23645
broca e braço para furar,VERB,25048
broche,VERB,25436
brontossauro,VERB,23421
bruxa,PREP,23712
brócolos,VERB,12905
buda,PREP,23423
budismo,PREP,23426
buraco,VERB,14883
burro,VERB,13865
bélgica,VERB,22609
bêbedo,ADJ,13886
bíblia,VERB,21068
búfalo,VERB,12917
bússola,VERB,24626
cabala,NOUN,15141
cabana,VERB,13102
cabelo,VERB,14661
cabeça,VERB,14689
cabra,VERB,23097
cabriolar,PRON,24129
cacau,VERB,13173
cachecol,VERB,16730
cachimbo,VERB,16186
cachorro,VERB,16434
cachorro quente,VERB,14902
cada um,NOUN,13893
cadeira,VERB,13148
cadeira de baloiço,VERB,16681
cadeira de duche,VERB,24748
cadeira de rodas,VERB,18233
cadeira de rodas eléctrica,VERB,13920
cadeirão,VERB,12578
cadáver,VERB,21315
cafetaria,VERB,13104
café,VERB,13373
cair,PRON,13660
caixa,VERB,12886
caixa de correio,VERB,15409
caixa de merenda,VERB,23573
caixa dos lápis,VERB,23166
caixão,VERB,21116
calado,ADJ,16982
calcanhar,VERB,14700
calculadora,VERB,13108
calcular,PRON,13107
calendário,VERB,13109
calha,VERB,23073
calor,VERB,14696
calças,VERB,15961
calções,VERB,16963
cama,VERB,12649
cama de rede,VERB,24662
cama pequena para transportar o bebé,VERB,13126
camaleão,VERB,13150
camarões,VERB,23210
camelo,VERB,13110
caminho para bicicletas,VERB,24022
caminho para peões,VERB,24328
camisa,VERB,16957
camisola interior,VERB,17972
camião,VERB,17781
camião com reboque,VERB,13890
campa,VERB,14638
campo,VERB,13424
campo de desportos,VERB,13428
campo de férias de verão,VERB,17461
campo magnético,VERB,25339
canadá,VERB,13116
canal,VERB,24619
canal deferente,VERB,18001
caneca,VERB,13621
canela,VERB,22312
caneta,VERB,15991
canguru,VERB,12384
canhão,VERB,13120
canoa,VERB,22075
canoagem,VERB,22050
cansado,ADJ,17735
cantar,PRON,16990
cantarolar,VERB,23884
canto,VERB,13414
cantor,PREP,16991
canção,VERB,17210
capacete,VERB,14703
capacete de hóquei,VERB,21617
capacete de protecção,VERB,21616
capacidade,VERB,12322
capitão,VERB,24744
capricórnio,VERB,22646
caracol,VERB,17188
caramelo,VERB,22365
caranguejo,VERB,15226
caravana,VERB,13113
caravana com motor,VERB,24618
cardiologista,PREP,21582
caridade,VERB,13154
caridade cristã,VERB,21305
caril,VERB,22327
caril em pó,VERB,22328
carimbo,VERB,17248
carinhoso,ADJ,15149
carmim,VERB,16692
carne,VERB,15444
carne congelada,VERB,22355
carne de carneiro,VERB,15170
carne de vaca,VERB,12652
carne moída,VERB,23591
carne picada,VERB,23591
carneiro,VERB,16950
carniceiro,VERB,23037
caro,OTHER,13644
carpintaria,VERB,24339
carregar,VERB,25111
carreta de pónei,VERB,22093
carrinho,VERB,13127
carrinho com motor,VERB,21822
carrinho de bebé,VERB,12605
carrinho de mão,VERB,23416
carris de comboios,VERB,23628
carro,VERB,13121
carro do lixo,VERB,13890
carro dos bombeiros,VERB,14186
carro lateral de motocicleta,VERB,21821
carrossel,VERB,15458
carta,VERB,15198
carta de condução,VERB,23853
carteiro,PREP,15199
cartão de crédito,VERB,23415
cartão de exposição,VERB,17489
carvão de pedra,VERB,13370
casa,VERB,14885
casa adoptiva,VERB,23513
casa de banho,VERB,12637
casa flutuante,VERB,22089
casa para barcos,VERB,22090
casaco,VERB,13371
casaco de mulher com pontos,ADJ,24087
casal,PREP,13425
casamento,VERB,15425
casar,PRON,15426
casca,VERB,15988
casca de árvore,VERB,22311
casco,VERB,24155
casco de um navio,VERB,22065
cassete,VERB,13128
castanho,NOUN,12910
castanholas,VERB,23830
castelo,VERB,23437
castor,VERB,12646
catamarã,VERB,22087
catolicismo romano,VERB,21038
cauda,VERB,17496
causa,VERB,13134
cavalariça,VERB,20600
cavaleiro,PREP,22091
cavalo,VERB,14897
cavalo de balouço,VERB,16682
cavar,PRON,13677
cave,VERB,23029
caveira,VERB,25492
cavidade,VERB,13138
cazaquistão,VERB,23551
caçador,PREP,25086
caçar,PRON,23537
caçarola,VERB,23436
cebola verde,VERB,14644
cedo,ADJ,13896
cegarrega,VERB,23936
cegues,ADJ,12856
ceia,VERB,17468
ceifa,VERB,14681
celebração,VERB,21290
celebração da vida,VERB,21291
celeiro,VERB,12630
celibato,VERB,13141
cemitério,VERB,13142
cenoura,VERB,13124
centeio,VERB,24738
centro comercial,VERB,16961
centro de ciências,VERB,25369
centro de recursos de símbolos bliss,VERB,12859
cera dos ouvidos,VERB,13895
cereais,VERB,13145
cereal,VERB,14625
cerejas,VERB,13159
cerimonial,VERB,21317
cerimónia,VERB,21096
cerimónia religiosa,VERB,20573
certeza,ADJ,13146
certo,ADJ,13416
cerveja,VERB,12653
cervical,VERB,13147
cerâmica,VERB,24048
cesariana,VERB,13103
cesto de fruta,VERB,23515
cevada,VERB,24608
chama,VERB,14194
chaminé,VERB,13168
champanhe,VERB,22346
champô,VERB,16938
chapéu,VERB,14682
charrua,VERB,16206
chateado,ADJ,17985
chave,VERB,15144
chave de parafusos,VERB,16740
chebat,VERB,16971
chegada,VERB,13935
chegar,PRON,17268
cheias,VERB,14201
cheio,ADJ,14413
cheirar,PRON,17018
cheirar mal,PRON,17020
cherovia,VERB,15971
chilrear,PRON,24060
china,VERB,25029
chinelos,VERB,17013
chocalho de bebé,VERB,23935
chocar,VERB,13435
chocar de frente,PRON,13439
chocolate,VERB,13171
chocolate para barrar,VERB,13174
chorar,PRON,13618
chover,PRON,16456
chupeta,VERB,24496
chutar,PRON,15146
chuva,VERB,16455
chuveiro,VERB,16968
chuvoso,ADJ,16458
chá,VERB,17511
ciclismo,VERB,21823
ciclismo de velocidade,VERB,21824
cidade,VERB,13351
cidade do vaticano,VERB,21037
cidade santa,VERB,21088
cidadãos,VERB,13349
cientista,PREP,21559
cigarro,VERB,13346
cinco,NOUN,8501
cintilar,PRON,17960
cinto,VERB,12664
cinto de segurança,VERB,24255
cintura,VERB,18029
cinzas,VERB,12586
cinzeiro,VERB,12587
cinzento,NOUN,14639
circo,VERB,24061
circuito eléctrico,VERB,25287
circuncisão,VERB,13348
cirurgião,PREP,21575
cisne,VERB,17473
ciumento,ADJ,14967
ciência,VERB,16735
claridade,VERB,22386
clarinete,VERB,23837
clube,VERB,13369
clínica,VERB,13361
clínica para bebés,VERB,12606
clínico,ADJ,15446
clítoris,VERB,13362
coaxar,PRON,24073
cobertor,VERB,12854
cobertura,VERB,23600
cobertura do soalho,VERB,14203
cobra de água,VERB,17190
coelho,VERB,16448
cogumelo venenoso,VERB,15678
coisa,VERB,17717
coisa semelhante,OTHER,16985
cola,VERB,14447
colar,VERB,25470
colchete,VERB,14155
colchão de ginástica,VERB,14657
colete salva vidas,VERB,24687
colher,VERB,17233
colher de chá,VERB,22569
colher de pau,VERB,22572
colher grande e funda,VERB,22573
colheres,VERB,22568
colina,VERB,14712
colocar,PRON,14448
colunas,VERB,23898
com,NOUN,12364
com a ajuda de,NOUN,18267
comando à distância,VERB,24730
combater,PRON,14175
combinar,PRON,13381
combinação,VERB,17012
comboio,VERB,17767
combustível,VERB,14412
comemoração,VERB,16486
comer,PRON,13906
cometa,VERB,13384
começar,PRON,12657
começo,VERB,12658
comida,VERB,14377
comida congelada,VERB,14404
como,NOUN,14906
comparar,PRON,13391
competir,PRON,13392
comportamento,VERB,12659
compositor,PREP,13393
comprar,PRON,13099
compreender,PRON,15161
comprido,ADJ,15229
comprimento,VERB,15193
comprimidos,VERB,16176
computador,VERB,13394
compôr-se,PRON,13878
comunhão,VERB,21105
comunicar,PRON,13389
comunicação,VERB,13390
concepção,VERB,13395
concerto,VERB,23452
concha para servir,VERB,22571
concordar,PRON,12353
condimento,VERB,14198
condimento de abertura,VERB,22333
condimento de xarope de bordo,VERB,22334
condutor,PREP,13884
conduzir,PRON,13883
conduzir ao sexo,VERB,16765
cone,VERB,13400
conferência,VERB,15450
confessar,PRON,21099
confiança,VERB,17785
confiar,PRON,17784
confirmação,VERB,21104
confortável,ADJ,13386
conhecimento,VERB,15162
conhecimento do mundo,VERB,21098
consciência,VERB,13401
conselheiro,PREP,13421
conselho,VERB,12345
considerar,PRON,22374
consigo,PRON,13114
consolar,PRON,13385
constelação,VERB,22633
constipar-se,VERB,24065
constituição,VERB,24072
construir,PRON,24877
consulta,VERB,12406
consulta de fertilidade,VERB,14169
conta,VERB,23604
contar,PRON,13422
contente,ADJ,14676
continente,VERB,22601
contra,NOUN,12351
contrabaixo,VERB,23849
contracção,VERB,13405
contrastar,PRON,13406
controlar-se,PRON,13407
controlo,VERB,24428
conversão,VERB,21321
converter,PRON,21320
convite,VERB,25093
convés,VERB,22061
copo de vidro,VERB,14442
copo do vinho,VERB,21363
copos de medição,VERB,22568
corajoso,ADJ,23418
corar,PRON,24029
coração,VERB,14695
coração mole,PREP,17481
corda,VERB,17276
corda para saltar à corda,VERB,15138
cordão umbilical,VERB,17965
cores,VERB,13377
cornos,VERB,14896
coro,PREP,13176
coroa,VERB,22618
corpo,VERB,12870
correcção,VERB,21341
corredor,VERB,23105
correia para o pulso,VERB,24142
correio electrónico,VERB,23485
corrente,VERB,21849
correr,PRON,16699
corrida,VERB,16451
corrida de automóveis,VERB,21829
corrida de barcos a motor,VERB,22052
corrida de barreiras,VERB,21840
corrida de bicicletas de montanha,VERB,21825
corrida de cavalos,PRON,21836
corrida de motos,VERB,21827
corrida de obstáculos,VERB,22096
corrida de trenó puxado por cães,VERB,21877
corrida de veículos com rodas,VERB,22095
corrigir,PRON,13948
cortado às fatias,ADJ,22383
cortar,PRON,13628
cortar em fatias,PRON,22382
cortar vegetais,PRON,13179
corte,VERB,17213
corte de cesariana,VERB,13929
cortina,VERB,13626
coruja,VERB,15949
corão,VERB,21072
coser,PRON,16763
costas,VERB,12609
costelas,VERB,25487
cotoveleira,VERB,21620
cotovelo,VERB,13916
couve,VERB,13101
couve fermentada,VERB,16724
couve-flor,VERB,13133
cozer,PRON,12619
cozer ao vapor da água,PRON,17256
cozinha,VERB,15154
cozinhar,PRON,13408
cozinhar a comida,PRON,16245
cozinheiro,PREP,22907
coçar,PRON,24507
cratera,VERB,24631
cremar,PRON,21286
cremação,VERB,21285
creme de leite,VERB,22307
crente,PREP,20565
crença,VERB,12660
crer,PRON,12661
crescente,VERB,13610
crescer,PRON,14649
criança,PREP,13166
crianças,PREP,15912
criar,PRON,13606
crias,VERB,24408
criativo,ADJ,13608
criatura,VERB,13609
criação,VERB,13607
crime,VERB,25036
cristal,VERB,13619
cristandade,VERB,21027
cristão,ADJ,13180
crocodilo,VERB,12362
croquete,VERB,13612
croquete de peixe,VERB,22127
crosta,VERB,16954
cru,ADJ,16464
cruel,ADJ,15439
cruz,VERB,13613
cruzeiro,VERB,22082
críquete,VERB,21808
cuala,VERB,15163
cuecas de homem,VERB,17971
cuidado,ADJ,13123
cuidados diários,VERB,13640
cuidar,VERB,23056
culpa,VERB,14652
culpado,ADJ,14653
cultura,VERB,21608
curioso,ADJ,25040
curling,VERB,21879
cuspir,PRON,17231
custo,VERB,13417
cutelaria,VERB,13630
cálice,VERB,21364
câmara municipal,VERB,23446
câncer,VERB,22640
cântaro,VERB,16191
cânticos de natal,VERB,24623
cãibra,VERB,13432
cão,VERB,12380
célula,VERB,21540
cérebro,VERB,12893
céu,VERB,17006
cêntimo,VERB,13143
círculo,VERB,13347
côco,VERB,13372
da parte da tarde,VERB,12349
dactilografar,PRON,23698
damasco,VERB,12409
dança,VERB,24853
dançar,PRON,13631
dar,PRON,14440
dar um bate-cu,PRON,24423
dar um salto mortal,VERB,24272
dardo,VERB,21850
dardos,VERB,21853
de nada,OTHER,18466
de que género,NOUN,18230
de quem,NOUN,18247
de repente,ADJ,17452
debaixo,NOUN,17969
debater,PRON,13688
decidir,PRON,13648
decisão,VERB,13649
decoração,VERB,13650
dedo,VERB,14180
dedos dos pés,VERB,17745
defesa do ambiente,VERB,24224
deficiência física,ADJ,16170
deficiência mental,ADJ,15457
degraus,VERB,24761
deitar,PRON,15205
deitar fora,PRON,24090
deitar mão a,PRON,17498
dela,NOUN,14962
delas,PREP,17701
dele,NOUN,14962
delegar,PRON,24648
deles,PREP,17701
delicioso,ADJ,22352
demasiados,ADJ,17754
dentes,VERB,17517
dentista,PREP,13656
dentro,NOUN,14932
depressão,VERB,13659
depósito,VERB,17270
derreter,PRON,17699
desagradável,ADJ,22354
desaparecer,PRON,21081
desapareceu tudo,NOUN,12361
desaparecimento,VERB,21080
descansar,PRON,16496
descanso,VERB,16495
descascar,PRON,15989
descolagem,PRON,25186
desconforto,VERB,13687
desconfortável,ADJ,17968
desconhecido,PREP,17275
descrever,PRON,13661
descrição,VERB,24720
desculpa,VERB,14122
desculpar-se,PRON,14123
desde,NOUN,14403
desdobrar,PRON,17976
desejar,PRON,18266
desejável,ADJ,13662
desemprego,VERB,17975
desenhar,PRON,13873
desenhos animados,VERB,23435
desenvolver-se,PRON,13666
desenvolvimento,VERB,13667
deserto,VERB,21350
desligar,PRON,24299
desodorizante,VERB,13657
despachar-se,VERB,24166
despenhamento de um avião,VERB,13437
despenhar-se,VERB,13440
desperdícios,VERB,18043
despertar sexualmente,VERB,16929
despesa,VERB,12330
desporto,VERB,17234
desporto de cavalos com trenó,VERB,21875
desporto de tiro,VERB,21797
desportos aéreos,VERB,21796
desportos com bola,VERB,21625
desportos com mesa,VERB,21800
desportos com trenó,VERB,21870
desportos de contacto,VERB,21627
desportos de inverno,VERB,21630
desportos de montanha,VERB,21795
desportos equestres,VERB,21629
desportos mentais,VERB,21799
desportos motorizados,VERB,21794
desportos múltiplos,VERB,21857
destruir,PRON,13665
deus,PREP,14451
deus nórdico,PREP,22649
dezembro,VERB,13647
dia,VERB,13639
dia da independência,VERB,14937
dia da mãe,VERB,24195
dia de acção de graças,VERB,17534
dia de aniversário,VERB,12846
dia de ano novo,VERB,15711
dia de jejum,VERB,14153
dia de jerusalém,VERB,14968
dia de todos os santos,VERB,14662
dia do pai,VERB,24108
dia dos namorados,VERB,17998
diabo,PREP,20568
diafragma,VERB,13671
diamante,VERB,13669
diarreia,VERB,24085
dieta,VERB,13673
diferente,NOUN,13675
difícil,ADJ,13676
digerir,PRON,13678
digestão,VERB,13679
diligência,VERB,20601
diminuição,PRON,13651
dinamarca,VERB,13654
dinheiro,VERB,15484
dinossauro,VERB,13681
director de hospital,PREP,24620
direcção,VERB,13682
direita,ADJ,16673
disco,VERB,13685
disco vinil,VERB,16470
discoteca,VERB,13686
discreto,ADJ,13402
discurso,VERB,24756
discussão,VERB,13689
discutir,PRON,12413
disparar,PRON,23662
disparate,VERB,15726
dispendioso,ADJ,14129
dispersar-se,PRON,21058
distintivo,VERB,12616
distância,VERB,23071
divertimento,VERB,17774
divertir-se,PRON,12372
dividir,PRON,13694
divisão,VERB,13857
divorciar-se,PRON,13859
divórcio,VERB,13858
do outro lado,ADJ,12670
do público,ADJ,16427
do qual,NOUN,18246
dobrar,PRON,14375
doce,ADJ,17477
docente,PREP,17513
doces,VERB,13118
doente,ADJ,16973
doença,VERB,16164
doenças transmitidas sexualmente,VERB,24333
dois,NOUN,8498
dois pontos,NOUN,8488
doloroso,ADJ,15955
domingo,VERB,17464
dominós,VERB,24432
doninha fedorenta,VERB,17005
dores,VERB,15954
dormir,PRON,17009
dormitório,PREP,21094
doutrina de cristo,VERB,21076
drenar,PRON,13872
dromedário,VERB,13885
duende travesso,PREP,23695
durante,NOUN,13892
durar,PRON,13404
duro,ADJ,14679
duvidar,PRON,13868
dvd,VERB,24645
década,VERB,13646
dólar,VERB,13863
economia,VERB,21543
economia doméstica,VERB,23536
economista,PREP,21561
ecrã táctil,VERB,23687
edicto,VERB,21339
edifício,VERB,14905
educação,VERB,13908
efeito,VERB,13910
egipto,VERB,25286
egoísta,ADJ,16755
ejaculação,VERB,13915
ejaculação nocturna,VERB,15724
ela,PREP,16949
elas,PREP,17714
ele ou ela,PREP,14688
ele próprio,PREP,14687
electricidade,VERB,13918
elefante,VERB,13923
eles,NOUN,17712
elevador,VERB,13924
elevar-se,PRON,16676
elul,VERB,13925
eléctrica,ADJ,13917
eléctrico,VERB,24316
em,NOUN,12591
em algum lado,NOUN,12402
em cima de,NOUN,15918
em direcção a,NOUN,17739
em nenhuma parte,NOUN,15737
em qualquer altura,NOUN,12401
em qualquer parte,NOUN,12402
em troca de,NOUN,14381
em vinagre,ADJ,22350
embaraçado,ADJ,13926
embaraço,VERB,13928
embaraçoso,ADJ,13927
embora,NOUN,12367
emergência,VERB,13930
empatia,VERB,13931
empobrecer,PRON,21307
empregado,PREP,18277
empregado de mesa,PREP,24777
emprego,VERB,18273
emprestar,PRON,12877
empurrar,PRON,16439
encher,PRON,14176
encher de ar,PRON,25091
encomenda,VERB,15966
encontrar,PRON,14179
encontrar-se,PRON,15449
encontro,VERB,13635
encorajar,PRON,25053
energia,VERB,13936
energia nuclear,VERB,15738
enevoado,ADJ,13368
enfermeira,PREP,15905
engasgar-se,PRON,13177
engenharia,VERB,25189
engolir,PRON,17471
engordar,PRON,18220
engraçado,ADJ,14414
enguia,VERB,13909
enorme,ADJ,21352
enseada,VERB,22625
ensinar,PRON,17512
ensinar o caminho,VERB,14946
ensino,VERB,14945
ensonado,ADJ,25373
entalhar,PRON,25273
enterrar,PRON,12926
enterro,VERB,20579
entrar,PRON,13940
entre,NOUN,12669
entrevista,VERB,21372
entrevistador,PREP,21374
entrevistar,PRON,21373
então,NOUN,17705
enviar,PRON,16759
enviar por correio,PRON,15408
equador,VERB,22598
equipa,PREP,17514
equipa de trabalho,PREP,24634
erecção,VERB,13944
erguer,PRON,16459
errado,ADJ,14929
erro,VERB,15479
erupção cutânea,VERB,24232
erva do mar,VERB,23658
ervas,VERB,22321
escada,VERB,15166
escadas,VERB,17247
escadas rolantes,VERB,24096
escalar,VERB,22111
escandinávia,VERB,22619
escola,VERB,16734
escola primária,VERB,23076
escolha,VERB,13175
escolher,PRON,13178
esconder-se,PRON,14710
escorpião,VERB,16738
escorredor,VERB,24431
escorrega,VERB,17011
escova,VERB,12912
escova de dentes,VERB,17756
escovar,PRON,12913
escovar os dentes,PRON,12914
escravatura,VERB,25132
escrever,PRON,18285
escritor,PREP,23716
escritório,VERB,15911
escroto,VERB,16741
escuna,VERB,22073
escuro,ADJ,13634
escuteiro,PREP,25370
escócia,VERB,22614
esfregar,PRON,16695
esgrima,VERB,21837
esmagar,PRON,13616
esmagar-se,PRON,13436
espalhar as cinzas,PRON,21118
espanha,VERB,25376
espargo,VERB,24015
esparguete,VERB,17222
espasmos,VERB,24275
especial,ADJ,17223
especiaria,VERB,14198
espectacular,OTHER,18282
específico,ADJ,17224
espelho,VERB,20527
esperança cristã,VERB,21303
esperar,PRON,14127
esperma,VERB,17226
espermicida,VERB,17227
espingarda,VERB,14655
espinhas,VERB,25305
espinhos,VERB,23627
espiral,VERB,17230
espirrar,PRON,17191
esposa,PREP,17237
espuma,VERB,23875
espuma de barbear,VERB,16947
espécie de rata,VERB,14460
espírito,VERB,21044
espírito santo,PREP,23114
esquadro,ADJ,17243
esquecer,PRON,14387
esqueleto,VERB,16998
esquerda,ADJ,15187
esqui,VERB,20597
esqui aquático,VERB,21883
esqui de montanha,VERB,21865
esqui estilo livre,VERB,21867
esquiar por um declive,VERB,21864
esquilo,VERB,17245
esquilo norte americano,VERB,13170
esquis,VERB,17003
esta noite,VERB,17753
esta semana,VERB,17721
estacionamento pago,VERB,23915
estacionar,PRON,23913
estado,VERB,16423
estado de espírito,VERB,15650
estados unidos,VERB,24776
estafetas,VERB,21841
estar de pé,PRON,17249
estação,VERB,23199
estação das camionetas,VERB,24040
estação de comboios,VERB,24314
estação eléctrica,VERB,25141
este,VERB,13902
este ano,VERB,17722
este mês,VERB,24948
esteio,VERB,12890
esterilização,VERB,17262
esticar,PRON,24291
estrada,VERB,16678
estrangeiro,ADJ,24118
estranho,ADJ,17274
estreito,ADJ,15693
estrela,VERB,17252
estrela de david,VERB,17251
estrela do mar,VERB,17253
estrutura,VERB,17445
estudante,PREP,17446
estufa,VERB,14643
estufado,VERB,23668
estuprar-se a si próprio,VERB,16753
estupro,VERB,12327
está bem,ADJ,25129
estéril,ADJ,14939
estónia,VERB,24097
estômago,VERB,25498
esvaziar,PRON,13933
eterno,ADJ,21332
eu,PREP,14917
eu próprio,PREP,14916
euro,VERB,21541
europa,VERB,22606
eva,PREP,21064
evadir-se,PRON,25056
evangelho,VERB,21074
evangelizar,PRON,21346
evento cristão,VERB,21100
evento religioso,VERB,21095
exame,VERB,17528
exame médico,VERB,24441
examinar,PRON,24442
excelente,ADJ,21343
excelência,VERB,21342
excitado,ADJ,14119
excitação,VERB,14120
excluir,PRON,14121
exercitar-se,PRON,14124
exibicionismo,VERB,14125
existir,PRON,12639
expectativa,VERB,14128
experiência,VERB,24893
experiência fantástica,VERB,14640
explicar,PRON,14130
explodir,PRON,14131
explosivo,ADJ,24101
explosão,VERB,14132
extensão,VERB,24628
extintor,VERB,25301
exército,VERB,12579
faca,VERB,15159
facto,VERB,14139
fada,PREP,23494
falar,PRON,16728
falhar,PRON,24444
falta de vista,ADJ,18019
familiares,PREP,16481
família de pai ou mãe solteiros,PREP,21093
fantasma,PREP,14436
farinha,VERB,14204
farinha de arroz,VERB,22135
farinha fina de milho,VERB,13415
farmacêutico,PREP,23611
farmácia,VERB,23072
farnel,VERB,23573
farol,VERB,23143
fatia,VERB,22381
fato,VERB,17456
fato de banho,VERB,17484
fato macaco,VERB,12411
fato para a neve,VERB,17199
favorito,ADJ,14158
fax,VERB,23499
fazer,PRON,13860
fazer a cama,PRON,23575
fazer as necessidades fisiológicas,PRON,15668
fazer dieta,PRON,13674
fazer em croché,PRON,13611
fazer truques,PRON,23453
fazer uma manifestação,PRON,23065
febre,VERB,24112
fechado,ADJ,25277
fechar,PRON,13364
federação russa,VERB,23642
feijão,VERB,12642
feijão verde,VERB,17442
feijões,VERB,13880
feio,ADJ,17964
feito,ADJ,24844
feito pelo homem,ADJ,15420
felicidade,VERB,14675
felicitar,PRON,15437
feliz,ADJ,25312
feminino,VERB,14166
feriado,VERB,14884
feriado santo,VERB,14455
ferir,PRON,14913
ferradura,VERB,24163
ferramentas,VERB,17755
ferreiro,PREP,24417
ferrinhos,VERB,23968
ferro,VERB,23122
ferro de engomar,VERB,14955
ferver,PRON,12871
ferver água,PRON,12872
festa,VERB,15973
festa da epifânia,VERB,24095
festança,VERB,21287
feto,VERB,14170
fevereiro,VERB,14161
fezes,VERB,12884
fibra das folhas de piteira,VERB,16190
ficar,PRON,17254
ficha,VERB,16207
ficheiro,VERB,23479
fidelidade,VERB,14172
fila de pessoas,VERB,23896
filha,PREP,13638
filho,PREP,17209
filhó americana,VERB,22126
filme,VERB,15669
fim,VERB,13935
fim-de-semana,VERB,18218
finalmente,ADJ,14178
finlândia,VERB,14182
fino,ADJ,17716
fio de cabelo,VERB,14660
fio dental,VERB,13655
fio eléctrico,VERB,13921
fiorde,VERB,22613
fisioterapeuta,PREP,21592
fisioterapia,VERB,24211
fita,VERB,16504
flauta,VERB,23871
flautim,VERB,23924
flecha,VERB,21852
floco de neve,VERB,17195
flor,VERB,14205
flor de bolbo,VERB,12919
flor protegida,VERB,14369
flor silvestre,VERB,14370
floresta,VERB,14386
florista,VERB,23091
flutuar,PRON,14200
foca,VERB,23657
fogo,VERB,14183
fogo de artifício,VERB,24655
fogueira de campismo,VERB,12874
fogão de álcool,VERB,22593
folha,VERB,15183
folha de carvalho silvestre,VERB,15422
folha de exame,VERB,23715
folhas de papel,VERB,15962
fome,ADJ,14912
forma,VERB,16940
formiga,VERB,12395
forno,VERB,17273
forno do microondas,VERB,15463
forte,ADJ,17444
força policial,PREP,14146
forçar,ADJ,14383
fotocopiadora,VERB,23456
fotocópia,VERB,13412
fotografia,VERB,16169
fraco,ADJ,18213
fractura,VERB,24852
fracção,OTHER,15972
fralda,VERB,13670
framboesa,VERB,16463
frança,VERB,25063
frasco de vidro com boca larga,VERB,22589
frase,VERB,16760
freio,VERB,24038
frej,PREP,22818
freja,PREP,22819
frente,NOUN,25311
fresco,ADJ,13410
frigg,PREP,22651
frigideira,VERB,22581
frigideira eléctrica,VERB,22580
frigorífico,VERB,16476
frio,ADJ,13375
fritadeira eléctrica,VERB,22585
fritar,PRON,14411
fritar bastante,PRON,13653
fritos,ADJ,22351
fritura,VERB,22124
fronha,VERB,16178
frustrado,ADJ,14408
frustrante,ADJ,14409
frustração,VERB,14410
fruta,VERB,14405
frágil,ADJ,12897
fumar,PRON,17185
fumo,VERB,17022
funeral,VERB,20577
funil,VERB,22574
furar,PRON,16189
furgão,VERB,18000
futebol,VERB,14380
futebol americano,VERB,20593
futuro,VERB,14417
fábrica,VERB,14140
fácil,ADJ,13905
fé cristã,VERB,21302
férias,VERB,17995
fértil,ADJ,14168
fêmea,ADJ,14165
fígado,VERB,25462
física,VERB,21556
fósforos,VERB,15430
gafanhoto,VERB,14637
gaita,VERB,24802
gaivota,VERB,14654
galeria de arte,VERB,12582
galho,VERB,12894
galinha,VERB,13164
galinha de água,VERB,16679
galo,VERB,23043
galopar,PRON,24129
gancho,VERB,14891
ganhar,PRON,13898
ganso,VERB,14458
garagem,VERB,14420
garfo,VERB,14389
garra,VERB,13354
garrafa,VERB,12880
garrafa-termo,VERB,17710
garras,VERB,15978
gasolina,VERB,14425
gatinho,VERB,15156
gato,VERB,12383
gaveta,VERB,13874
gazela sul africana,VERB,22616
gelado,VERB,14920
gelado no cone,VERB,14921
gelado perna de pau,VERB,22366
gelar,PRON,14397
geleia,VERB,14965
gelo,VERB,14919
generalização,VERB,14430
gengibre,VERB,22318
genitais,VERB,14431
genocídio,VERB,21612
geografia,VERB,23093
geologia,VERB,21550
geral,ADJ,14429
geólogo,PREP,21567
gigante,ADJ,21354
ginecologista,PREP,21580
ginásio,VERB,14656
ginástica,VERB,21798
girafa,VERB,14438
girassol,VERB,24297
girino,VERB,24302
gnomo,PREP,23481
golfe,VERB,14453
golfinho,VERB,13864
golo,VERB,14450
gongo,VERB,23878
gorro,VERB,21613
gostar,PRON,13938
governar,PRON,14461
governo,VERB,14462
gracejar,PRON,14974
grade junto do fogão,VERB,22577
grande,ADJ,12835
grande número de coisas ou pessoas,VERB,15675
granizo,VERB,14659
granuloso,ADJ,22363
gravador de cassetes,VERB,17505
gravador de vídeo,VERB,18011
gravar a informção na disquete,PRON,23648
gravata,VERB,17730
gravidade,VERB,25070
gravidez,VERB,16240
graça divina,VERB,21040
grelhar,PRON,12906
grilheta,VERB,24010
gripe,VERB,24117
gritar,PRON,16965
groselha,VERB,13623
grosso,ADJ,14156
grua,VERB,13434
grupo,PREP,14646
grupo de música,PREP,15680
gruta,VERB,13137
grávida,ADJ,16241
grécia,VERB,25071
guarda chuva,VERB,17966
guarda-louça,VERB,13622
guardanapo,VERB,15692
guardar,PRON,15143
guaxinim,VERB,16450
guerra,VERB,18036
guia,PREP,15182
guitarra baixo,VERB,23811
gás,VERB,14424
géiser,VERB,24830
gémeos,VERB,22655
género,VERB,14428
habilidade,VERB,12322
habitar,PRON,15223
hambúrguer,VERB,14664
hambúrguer de peixe,VERB,22120
harmonia,VERB,14680
harpa,VERB,23881
helicóptero,VERB,14701
herói,VERB,23528
heterossexualidade,VERB,14709
hidroplano,VERB,22104
hidroterapeuta,PREP,21597
hidroterapia,VERB,24169
hinário,VERB,21073
hipopótamo,VERB,14714
historiador,PREP,21569
história,VERB,17272
hoje,VERB,17744
holanda,VERB,15708
homem,PREP,15416
homossexualidade feminina,VERB,14887
homossexualidade masculina,VERB,14888
hora,VERB,14904
horas,VERB,17732
horizontal,ADJ,23116
horizonte,VERB,14894
horrível,OTHER,17963
hospital,VERB,14899
hotel,VERB,14903
hugin e munin,VERB,22823
humilde,ADJ,14910
hungria,VERB,24165
hóquei,VERB,14174
hóquei em campo,VERB,21042
hóquei no gelo,VERB,14922
hóstia,VERB,21367
iar,VERB,14964
icebergue,VERB,24171
ideia,VERB,14926
idiota,ADJ,17447
idoso,ADJ,15916
iene,VERB,18293
igreja,VERB,13345
igreja grega ortodoxa,VERB,21030
igual,NOUN,16713
igualar,PRON,13943
ilegal,ADJ,23118
ilha,VERB,14958
imaginar,ADJ,15411
imperdoável,ADJ,21294
impermeável,VERB,16457
implorar,PRON,21334
importante,ADJ,14930
importar-se,VERB,15471
impostos,VERB,23230
impressora,VERB,17962
imprimir,PRON,23624
inabitado,ADJ,21356
incapacidade,VERB,13684
incenso,VERB,21358
incerto,ADJ,22918
incesto,VERB,14933
incluir,PRON,14934
incorrecto,ADJ,14935
independente,ADJ,24172
indicar o caminho,PRON,15181
indicação,VERB,16978
infante santo,PREP,21086
infecção,PRON,24468
inferno,VERB,21062
infestação de insectos,VERB,14944
infinito,ADJ,14940
inflamável,ADJ,14195
informação,VERB,23542
ingredientes,VERB,22380
injecção,VERB,14941
inocente,ADJ,23121
inquietação,VERB,17780
insecto,VERB,14943
inseminação artificial,VERB,12583
instrumento musical,VERB,15681
instrumento musical de sinos,VERB,23814
instrumento para abrir,VERB,22394
insulina,VERB,25459
intelectual,ADJ,15456
inteligente,ADJ,17015
intensidade,NOUN,14947
intenção,VERB,16437
interessante,ADJ,14948
internacional,ADJ,14949
internet,VERB,23543
interrogar,PRON,21333
interruptor,VERB,23569
interruptor de pedal,VERB,23670
intervalo das dez horas para comer,VERB,17521
intervalo das quatro horas para comer,VERB,14393
intestino delgado,VERB,12883
intestino grosso,VERB,12883
intimidade,VERB,14950
introduzir,PRON,23547
invejoso,ADJ,13941
inventar,PRON,14953
inverno,VERB,18261
iogurte,VERB,18296
iogurte congelado,VERB,22357
iogurte de fruta,VERB,14407
ir de carro,PRON,21833
ir de cavalo,PRON,21835
iraque,VERB,25097
irlanda,VERB,14954
irmã,PREP,16994
irmão,PREP,12909
irmãos,PREP,16972
irão,VERB,25330
islândia,VERB,14923
islão,VERB,21029
isolamento,VERB,25326
israel,VERB,14959
isso,NOUN,14960
isso é mau,OTHER,17698
isto,NOUN,17711
itália,VERB,25098
jamais,ADJ,14115
janeiro,VERB,14966
janela,VERB,18256
janela com grades,VERB,18257
jantar,VERB,15405
japão,VERB,25099
jardim zoológico,VERB,18475
jardineiro,PREP,23519
jaula,VERB,13105
jejuar,PRON,21323
jeová,VERB,18286
jesus cristo,PREP,14969
jet ski,VERB,21884
joaninha,VERB,25333
joelheiras,VERB,21619
joelho,VERB,15157
jogar futebol,PRON,16201
jogo,VERB,14418
jogo de berlinde,VERB,21806
jogo de cartas,VERB,13122
jogo de computador,VERB,23449
jogos de computador,VERB,24659
jogos olímpicos,VERB,25130
jornal,VERB,15713
jornalista,PREP,23548
josé,PREP,21047
juba,VERB,24184
judaico,ADJ,14972
judaísmo,VERB,21028
judeu,PREP,21032
judo,VERB,20595
julho,VERB,15137
junho,VERB,15140
juntamente,NOUN,12364
juntos,ADJ,17746
juíz,PREP,23125
jóia,VERB,14971
jóquei,PREP,22092
júpiter,VERB,24473
kazoo,VERB,23888
ketchup,VERB,23552
kibbutz,VERB,15145
lacrosse,VERB,22102
lado,VERB,16974
ladrar,PRON,24020
ladrão,PREP,23683
lagarta,VERB,13132
lagarto,VERB,12388
lago,VERB,15168
lagoa,VERB,16219
lagosta,VERB,23053
lama,VERB,15672
lamento,OTHER,17214
lamparina a óleo,VERB,21362
lanterna,VERB,14196
lançamento do dardo,VERB,21851
lançamento do martelo,VERB,21848
lançamento do peso,VERB,21846
laqueação das trompas,VERB,17789
laranja,NOUN,15931
lareira,VERB,14185
largo,ADJ,12835
lasanha,VERB,22133
lata,VERB,13115
lata dos condimentos,VERB,17228
lavandaria,VERB,15179
lavar,PRON,18038
lavar a louça,VERB,23705
lavável,ADJ,18039
lazer,VERB,23141
laço,VERB,12882
lealdade,VERB,17786
lego,VERB,23454
legos,VERB,23455
lei,VERB,23132
leite,VERB,15468
leiteiro,PREP,15469
leitor dvd,VERB,24647
lembrar,PRON,16485
leme,VERB,22066
lenhador,PREP,23572
lento,ADJ,17014
lenço de assoar,VERB,14671
lençol,VERB,16951
leopardo,VERB,15194
leque,VERB,14149
ler,PRON,16465
letras,VERB,12366
letras do alfabeto primitivo teutónico,VERB,22830
letreiro,VERB,16977
levantamento de pesos,VERB,21859
levantar,PRON,15207
levantar papagaios de papel,VERB,22115
levantar vôo,VERB,17499
levar,PRON,17497
leão,VERB,15217
leão marinho,VERB,23655
lhe,PREP,14716
liberdade,VERB,14396
libra esterlina,VERB,16232
ligadura,VERB,12625
ligar,PRON,24300
lima,VERB,15211
limitação de nascimentos,VERB,12844
limites,VERB,15213
limonada,VERB,15191
limpa neve,VERB,23951
limpar,ADJ,13356
limão,VERB,15190
lindo,ADJ,12645
linear,ADJ,15215
linguagem,VERB,15172
linguagem gestual,VERB,21538
linha,VERB,15214
linha curva,VERB,13627
lista,VERB,15220
listrado,ADJ,24293
livraria,VERB,23034
livre,ADJ,14395
livro,VERB,12875
livro de exercícios,VERB,18276
livro de orações,VERB,16238
lição,VERB,23567
lobo,VERB,18268
lobo mau,PREP,25218
local,VERB,16193
loja,VERB,17269
loja de bebidas,VERB,23145
loja de brinquedos,VERB,23241
loja de doces,VERB,23228
loja de prendas,VERB,23096
loja de produtos naturais,VERB,23108
loja de roupa,VERB,23042
loja de vegetais,VERB,23101
loja principal,VERB,23067
loke,PREP,22822
longe,ADJ,14150
loto,VERB,23571
louça de mesa,VERB,17993
lua,VERB,15651
lugar selvagem,VERB,21351
lupa,VERB,24478
luta livre,VERB,18283
luva de basebol,VERB,14445
luvas com dedos,VERB,14446
luvas de borracha,VERB,22597
luvas de cozinha,VERB,22596
luz,VERB,15208
lá fora,NOUN,15942
lábios,VERB,15218
lápis de desenho,VERB,13604
lápis para os olhos,VERB,14135
lâmina de barbear,VERB,16946
lâmpada,VERB,13919
lã,VERB,18271
líder de claque,PREP,25027
líder religioso,PREP,21055
língua,VERB,17752
línguas,VERB,21557
línguista,PREP,21572
macaco,VERB,15485
macarrão,VERB,22130
macho,ADJ,15414
macio,ADJ,17203
madeira,VERB,18270
madrasta,PREP,17261
maestro,PREP,13399
mago,PREP,23713
magoar-se,PRON,14942
maio,VERB,15435
maior de idade,PREP,12341
maior que,NOUN,16480
mais,NOUN,12374
mais comprido,ADJ,15230
mais velho,PREP,24508
majestoso,ADJ,24250
mala,VERB,16438
mala da escola,VERB,23650
mamilo,VERB,15720
mancha,VERB,17236
mandamentos,VERB,13388
manga,VERB,15419
manhã,VERB,15655
manteiga,VERB,13095
manteiga de amendoim,VERB,15985
manter,PRON,15143
maná,VERB,21355
maometanismo,ADJ,15659
mapa,VERB,15421
maquilhagem,VERB,15413
maquilhagem para os olhos,VERB,14137
maracas,VERB,23900
maravilhoso,ADJ,24829
marcador,VERB,16737
marechevan,VERB,13160
margarina,VERB,15424
marido,PREP,14914
marinha,VERB,15696
marinheiro,PREP,16708
marioneta de mão,VERB,16433
marte,VERB,24479
martelo,VERB,14665
março,VERB,15423
maré,VERB,22626
maré alta,VERB,22628
maré baixa,VERB,22629
mas,NOUN,13094
massa,VERB,22129
massa crua,VERB,22379
massa de pão,VERB,22378
massa informe,VERB,22362
massagem,VERB,21606
massagista,PREP,21602
mastigar,PRON,13163
mastro,VERB,22059
masturbação,VERB,15429
matemática,VERB,15432
matemático,PREP,21573
material absorvente,VERB,12325
material de limpeza,VERB,22397
material médico,VERB,12355
maturidade,VERB,15433
mausoléu,VERB,21117
maçã,VERB,12405
mecânico,PREP,23429
medicamentos,VERB,15448
medir,PRON,15442
meditar,PRON,21097
medição,VERB,15443
medo,ADJ,12347
meias,VERB,17264
meio,VERB,15464
mel,VERB,14890
mel para barrar,VERB,14889
melhor,ADJ,12668
melodia,VERB,17953
melro,VERB,12851
melão,VERB,15452
membro,PREP,24692
memorando,VERB,24696
memória,VERB,25343
menina,PREP,12607
menino,PREP,12604
menopausa,VERB,15453
menor que,NOUN,16479
menos,ADJ,15185
mensagem,VERB,24484
menstruação,VERB,15455
mentir,PRON,15204
mentira,VERB,15203
mercado,VERB,23147
mercúrio,VERB,24483
mergulho,VERB,22055
mergulho  com escafandro,VERB,22057
mergulho sincronizado,VERB,22054
meridional,ADJ,17220
mesa,VERB,17493
mesa de jogo,VERB,17492
mesmo som,OTHER,16714
messias,PREP,21043
metade,NOUN,24906
metal,VERB,15459
meteorologia,VERB,21555
metereologista,PREP,21571
metro,VERB,24296
metáfora,VERB,15460
meu,PREP,15686
miar,PRON,24191
microfone,VERB,23902
microondas,PRON,15462
microscópio,VERB,24487
midgardsormen,VERB,22826
mijar,PRON,17989
milagre,VERB,21299
milho,VERB,13413
mineiro,VERB,15472
minha,PREP,15686
minhoca,VERB,18279
ministro,PREP,24192
minuto,VERB,15475
miolo,VERB,15741
misericórdia,VERB,21292
missionário,PREP,21060
misterioso,ADJ,21298
mistura,VERB,22377
misturar,PRON,15481
mistério,VERB,21297
mjolner,PREP,22654
moamede,PREP,21034
mobília,VERB,14416
mochila,VERB,12611
moeda,VERB,13374
moer,PRON,15427
moisés,PREP,21067
molde em gesso,VERB,13129
molhado,ADJ,18226
molhe,VERB,16174
molho,VERB,16723
molho de baunilha,VERB,22317
molho de caril,VERB,22329
molho de carne,VERB,20522
molho de chocolate,VERB,22342
molho de ervas,VERB,22323
molho de gengibre,VERB,22320
molho de maionese para salada,VERB,22324
molho de mostarda,VERB,22332
molho de pimenta,VERB,22326
monitor,VERB,23451
monoteísmo,VERB,21025
monstro,VERB,15486
montanha,VERB,15663
montanhismo,VERB,22109
monte,VERB,25033
morada,VERB,23402
morango,VERB,17278
morcego,VERB,12636
morder,PRON,12847
morrer,PRON,13672
morsa,VERB,23704
mortal,ADJ,15657
morte,VERB,13645
morte de uma pessoa,PREP,21313
morto,ADJ,13642
mosca,VERB,14371
moshav,VERB,15658
mostarda,VERB,22330
mostarda em pó,VERB,22331
mostrar,VERB,16199
moto,VERB,21810
motociclismo com side car,VERB,21828
motocross,VERB,21826
motoreta para a neve,VERB,23950
motorista de autocarros,PREP,13091
movimento,VERB,24702
movimento da placa continental,VERB,22621
movimento de vai e vem,NOUN,12613
moínho de vento,VERB,25395
mudar,VERB,13151
mudar de casa,PRON,24701
mudo,ADJ,15728
mugir,PRON,24194
muitas vezes,ADJ,15913
muito tempo,ADJ,24181
muitos,ADJ,15671
muletas,VERB,13617
mulher,PREP,18269
mulher casada,PREP,18251
multa de trânsito,VERB,23082
multiplicar,PRON,15674
multiplicação,VERB,15673
mundo,VERB,18278
museu,VERB,15677
musical,VERB,23594
mágico,PREP,23574
máquina,VERB,15406
máquina de costura,VERB,16764
máquina de lavar,VERB,18041
máquina de secar roupa,VERB,24320
máquina fotográfica,VERB,13111
máscara,VERB,15428
máscara de protecção,VERB,21621
máximo,ADJ,15661
mãe,PREP,15662
mãe adoptiva,PREP,14391
mãe solteira,PREP,21091
mão,VERB,14667
médico,PREP,13861
médico de reabilitação,PREP,21579
método da periodicidade,VERB,16503
mês,VERB,15649
mês seguinte,VERB,24921
móvel de gavetas,VERB,13162
múmia,VERB,25120
músculo,VERB,15676
música,VERB,15679
música country,VERB,23841
música pop,VERB,23931
música popular,VERB,21611
música rap,VERB,23934
música rock,VERB,24663
músico,PREP,15683
nabo,VERB,17958
nada,NOUN,15725
nadar,PRON,17482
namorado,VERB,17997
nariz,VERB,15732
nascer do sol,VERB,17466
nascimento,VERB,12842
natal,VERB,13181
natas,VERB,13605
natação,VERB,22053
natação sincronizada,VERB,22056
naturalismo,VERB,20563
nave espacial,VERB,16680
navio de carga,VERB,22069
nação,VERB,13423
necessitados,VERB,15701
necessitar,PRON,15702
necessário,ADJ,15698
negócio,VERB,13093
nem,NOUN,15729
nem um nem outro,NOUN,15706
nenhum,NOUN,15725
nenúfar,VERB,24778
neptuno,VERB,24492
neurologista,PREP,21583
neurónio,VERB,25473
nevar,PRON,17193
neve,VERB,17192
nevoeiro,VERB,14374
nevão,VERB,17198
ninguém,PREP,15723
nisan,VERB,15721
noite,VERB,15719
noivos,ADJ,13937
nome,VERB,15691
nome do símbolo,VERB,21624
norma,VERB,16697
normalmente,ADJ,17992
norte,VERB,15730
noruega,VERB,22612
nossa,PREP,15939
nosso,PREP,15939
nota,VERB,23604
nota de música,VERB,15682
notícias,VERB,15712
nove,NOUN,8505
novembro,VERB,15735
novo,ADJ,15710
novo testamento,VERB,21071
noz,VERB,15906
noé,PREP,21065
nuca,VERB,15700
nunca,ADJ,15709
nuvem,VERB,13367
não,OTHER,15722
nítido,ADJ,13358
nível,ADJ,14197
nó,VERB,24177
nódoa negra,VERB,24419
nós,PREP,18210
nós mesmos,PREP,18212
número,VERB,15742
o ano passado,VERB,15176
o mais comprido,ADJ,15393
o melhor,ADJ,12667
o menor,ADJ,15195
o mês passado,VERB,24835
o próprio,PREP,16752
o quê,NOUN,18228
obedecer,PRON,15907
obediência,VERB,21309
objecto direito,VERB,15216
objecto não identificado,VERB,17977
objecto sólido,VERB,17205
objectos de vidro,VERB,14444
obra de arte,VERB,18275
obrigado,OTHER,17533
observar,PRON,15908
oceano,VERB,15909
ocidental,ADJ,18225
oculista,PREP,23598
odiar,PRON,14683
odor,VERB,17017
oeste,VERB,18224
oficina,VERB,23567
oftalmologista,PREP,21578
oito,NOUN,8504
olhar,PRON,18045
olho,VERB,14133
olá,OTHER,14702
ombro,VERB,16964
omeleta,VERB,22139
onda,VERB,21880
onda gigantesca,VERB,22624
onde,NOUN,18236
ontem,VERB,18295
operação,VERB,15924
operação cesariana,VERB,14915
opinião,VERB,15925
oposição,VERB,15928
oposto,OTHER,15927
ordenar,PRON,21335
orelhas furadas,PRON,25482
organizar,PRON,15935
orgasmo,VERB,15936
orgulhoso,ADJ,16422
orgão,VERB,23911
oriental,ADJ,13904
orquestra,PREP,12624
ortopedia,PREP,21594
ortopedista,PREP,21577
os,NOUN,17700
osso,VERB,12873
osteopata,PREP,21600
ostra,VERB,15952
otorrinolaringologista,PREP,21576
ou,NOUN,15929
ouriço-cacheiro,VERB,14699
ouro,VERB,23100
outono,VERB,12597
outra vez,NOUN,12350
outro,PREP,15938
outubro,VERB,15910
ouvido,VERB,13894
ouvido debilitado,ADJ,14694
ouvir,PRON,14692
oval,VERB,15946
ovelha,VERB,24475
ovo,VERB,13911
ovo cozido,VERB,22137
ovo escalfado,VERB,22141
ovos estrelados,VERB,22138
ovos mexidos,VERB,22140
ovário,VERB,15947
paciente,PRON,15977
paciência,VERB,15976
padaria,VERB,23027
padeiro,PREP,23412
padrasto,PREP,17260
padre,PREP,15473
pagar,PRON,15979
pai,PREP,14157
pai adoptivo,PREP,14392
pai natal,PREP,23647
pai solteiro,PREP,21092
pais,PREP,15968
pais solteiros,PREP,21090
paisagem,VERB,16731
palavra,VERB,18272
palco,VERB,24214
palha,VERB,24147
palhaço,PREP,23443
palhinha,VERB,17277
palmeira,VERB,15960
pandeireta,VERB,23964
panela,VERB,22584
panela do molho,VERB,16229
pangaia,VERB,22067
pano da louça,VERB,22398
pano de banho,VERB,18040
panquecas,VERB,23603
panquecas pequenas,VERB,23949
papa,PREP,21057
papagaio,VERB,15970
papagaio de papel,VERB,15155
papas de aveia,VERB,23621
papel higiénico,VERB,17748
par,VERB,15959
para a frente,NOUN,14390
para baixo,NOUN,13869
para baixo e para a frente,NOUN,13871
para baixo e para trás,NOUN,13870
para cima,NOUN,17983
para cima e para a frente,NOUN,17987
para cima e para baixo,NOUN,17984
para cima e para trás,NOUN,17986
para dentro,NOUN,14952
para fora à direita,NOUN,15943
para longe,NOUN,12602
para que,NOUN,14382
para trás e para a frente,NOUN,12610
parabéns,OTHER,15487
parafuso,VERB,16739
paragem de autocarro,VERB,13090
paralelo,VERB,15964
parar,VERB,13935
paraíso,VERB,24149
parecer,PRON,16750
parede,VERB,18033
parque,VERB,15969
parte do símbolo bliss,OTHER,12858
partes do corpo,VERB,24033
partida,VERB,12658
partidas,VERB,13658
partido,ADJ,12907
partilhar,PRON,16941
partir,PRON,12896
passado,VERB,15975
passador,VERB,16976
passageiro,VERB,23605
passagem de ano,VERB,25475
passaporte,VERB,24207
passar a ferro,PRON,14956
passar um pano por,PRON,18264
passarinho,VERB,24447
passas,VERB,16460
passatempo,VERB,14718
passear a pé,PRON,25320
passeio,VERB,24209
pasta,VERB,23511
pasta de dentes,VERB,17757
pasta dos papéis,VERB,23420
pastor,PREP,23661
patamar,VERB,23047
patena,VERB,21366
patinagem,VERB,21860
patinagem artística,VERB,21862
patinagem de velocidade,VERB,21861
patinar,PRON,16684
patins com rodas,VERB,16685
patins para o gelo,VERB,14924
pato,VERB,12840
patrão,PREP,12878
pau,VERB,24180
pausa,VERB,16497
pavão,VERB,15984
paz,VERB,15980
pecado,VERB,16988
pecador,PREP,16993
pecar,PRON,16989
pediatra,PREP,21574
pedicuro,PREP,21596
pedinte,PREP,25019
pedir,PRON,21336
pedir desculpa,PRON,12404
pedra,VERB,17266
pedra tumular,VERB,21284
pedreiro,PREP,23419
pedúnculo,VERB,17259
pega,VERB,17487
pegadas,VERB,25308
peido,VERB,25060
peito,VERB,12899
peixe,VERB,14188
peixe congelado,VERB,22356
peixe dourado,VERB,14452
peixes,VERB,22648
pele,VERB,15186
pele de animal,VERB,12387
pelicano,VERB,15990
película fotográfica,VERB,14177
pena,VERB,14160
pendurar,PRON,14673
penetrar,PRON,15992
pensar,PRON,17718
penso higiénico,VERB,16719
pente,VERB,13378
pentear,PRON,13379
pepino,VERB,13620
pequena mata,VERB,14648
pequeno,ADJ,15221
pequeno almoço,VERB,12898
percentagem,VERB,8484
percevejo,VERB,12655
percussão,VERB,23921
perder,PRON,15394
perdoado,ADJ,21381
perdoar,PRON,14388
perfeito,ADJ,21345
perfeição,VERB,21344
perfume,VERB,15997
pergunta,VERB,16445
perguntar,PRON,12588
perigo,VERB,13632
periquito,VERB,15963
permitir,PRON,15196
perna,VERB,15188
pernas e pés,VERB,15189
perpendicular,VERB,15998
perseguir,PRON,25275
perseguição,VERB,14677
perseverança,VERB,21318
perseverar,PRON,21319
persuadir,PRON,21311
pertence a,OTHER,12663
perto,ADJ,15697
peru,VERB,17955
período de tempo,VERB,15212
perú,VERB,17954
pesa,VERB,18222
pesado,ADJ,14698
pesca,VERB,14191
pesca desportiva,VERB,22058
pescador,PREP,23509
pescar,PRON,14190
pescoço,VERB,15699
peso,VERB,18221
peso leve,ADJ,25336
pesquisar,PRON,24935
pessoa ajoelhada,PREP,16162
pessoa deitada,PREP,16163
pessoa fraca,VERB,16167
pessoa que toma conta de crianças em casa,PREP,12608
pessoa à espera,PREP,16166
pessoal,PREP,17246
pestanejar,PRON,18260
petroleiro,VERB,22070
petróleo,VERB,15914
piano,VERB,23862
picante,ADJ,14901
pijamas,VERB,16442
pilhas,VERB,12638
piloto,PREP,16179
pimenta,VERB,15995
pinguim,VERB,15993
pintar,PRON,15957
pintor,PREP,15958
pintura,VERB,16172
pinças de cozinha,VERB,22565
pipocas,VERB,16221
piquenique,VERB,16171
pirata,PREP,23616
pirâmide,VERB,16443
piscina,VERB,17483
piscina baixa para crianças,VERB,18026
piso,VERB,23085
pista,VERB,23690
pistola,VERB,14670
piza,VERB,16192
pião,VERB,17759
planador,VERB,22103
planeamento familiar,VERB,14147
planeamento familiar clínico,VERB,14148
planear,PRON,16195
planeta,VERB,22834
planeta terra,VERB,13900
plano,VERB,16194
plano militar,VERB,15466
planta,VERB,16196
planta em forma de ovo,VERB,13913
plataforma,VERB,16198
plutão,VERB,24498
plástico,VERB,16197
pneu,VERB,17734
pobre,ADJ,16220
pobreza,VERB,21306
poeiras radioactivas,VERB,15739
poema,VERB,16210
poesia,VERB,16211
polainas de caçador,VERB,24010
polegar,VERB,17726
polenta,VERB,16216
polir,PRON,22389
politeísmo,VERB,21026
poluição,VERB,16218
polvo,VERB,23160
polícia,PREP,16217
polónia,VERB,25139
pomar,VERB,15934
ponte,VERB,12902
ponto,VERB,13867
ponto de exclamação,NOUN,8483
ponto de vista,VERB,16214
por,NOUN,13100
por cima,VERB,17758
por favor,OTHER,16204
por isso,NOUN,17708
porco,VERB,16175
porco espinho,VERB,16222
porque,NOUN,12647
porquinho da índia,VERB,14434
porquê,NOUN,18249
porta,VERB,13866
porteiro,PREP,24683
porto,VERB,14678
portugal,VERB,25140
positivo,NOUN,16225
posição,VERB,16224
possibilidade,VERB,15436
possivelmente,ADJ,16226
possuir,PRON,15950
possível,ADJ,25831
postal,VERB,16227
poste firme,VERB,22063
potro,VERB,24448
pouca profundidade,ADJ,16935
pouco,ADJ,14171
pousada,VERB,24876
poço da água,VERB,22631
prado,VERB,15180
praia,VERB,12640
prancha de prono,VERB,21813
prancha de skate,VERB,16997
prancha de surf,VERB,21881
prancha de windsurf,VERB,21882
prata,VERB,23213
prateleira,VERB,16953
praticar,PRON,16235
prato,VERB,13690
prato principal,VERB,22119
pratos,VERB,23842
prazer sexual,VERB,16932
pregar,PRON,21310
pregar o evangelho,PRON,21347
prego,VERB,15689
prenda,VERB,14437
prender,PRON,23025
preocupar-se,PRON,18281
preocupação,VERB,18280
preparado,ADJ,16466
preparar,PRON,16244
prepúcio,VERB,14385
presente,VERB,16246
preservar,PRON,15143
preservativo,VERB,13398
presidente,PREP,24051
pressão,VERB,23169
pretender,PRON,16247
preto,NOUN,12849
previsão meteorológica,VERB,22637
primavera,VERB,17240
primeiro,ADJ,14187
primeiro ministro,PREP,24221
primeiros socorros,VERB,25304
primo,PREP,13429
princesa,PREP,23623
prisioneiro,PREP,25145
prisão,VERB,16250
prisão de ventre,VERB,24070
proa de navio,VERB,22062
problema,VERB,16253
procurar,PRON,16742
produtor,PREP,15412
produtos manufacturados,VERB,14672
produtos químicos,VERB,13158
produzir,PRON,15410
proeza,VERB,24402
profecia,VERB,21048
professor de psicologia,PREP,21588
profeta,PREP,21050
profetizar,PRON,21049
profissão,VERB,21360
profundo,ADJ,13652
programa de televisão,VERB,24773
projector de slides,VERB,16254
prometer,PRON,16417
proposição,VERB,16760
prostituição,VERB,16418
protector solar,VERB,17463
protectores de mesa,VERB,22594
protectores de orelhas,VERB,13897
protecção,VERB,16420
protecção para o punho,VERB,24340
proteger,PRON,16419
protestantismo,VERB,21039
protestar,PRON,16421
prova,VERB,23079
provar,PRON,17507
provável,ADJ,16252
província,VERB,16423
prédio,VERB,12403
príncipe,PREP,23622
psicologia,VERB,21552
psicólogo,PREP,21586
psiquiatra,PREP,21584
pterossáurio,VERB,23625
puberdade,VERB,16425
publicidade,VERB,12344
pudim,VERB,22307
pudim de natal,VERB,22308
pugilismo,VERB,12887
pulga,VERB,14199
pulmões,VERB,25465
pulseira,VERB,25433
pulso,VERB,18284
pulverizador,VERB,23954
pulverizar,PRON,23953
puncionar,PRON,16432
punção,VERB,16212
purim,VERB,16435
puré de tomate,VERB,23685
puxar,PRON,16431
puzzle,VERB,16441
pá,VERB,16966
pálpebra,VERB,14136
pára-quedas,VERB,22105
páraquedista,PREP,15965
páscoa,VERB,13903
páscoa dos judeus,VERB,15974
pássaro,VERB,12837
pássaro azul,VERB,12867
pássaro de estimação,VERB,12838
pássaro selvagem,VERB,12841
pássaros protegidos,VERB,12839
pântano,VERB,17472
pão,VERB,12895
pé,VERB,14379
pénis,VERB,15994
pêlo,VERB,14415
pêlos púbicos,VERB,16426
pêra,VERB,15986
pêssego,VERB,15983
pílula,VERB,12845
pó,VERB,16233
pó de gengibre,VERB,22319
pó de talco,VERB,17500
pó para escurecer as sobrancelhas,VERB,15164
pólder,VERB,21539
pólo,VERB,22098
pólo aquático,VERB,21805
pólo norte,VERB,22600
pólo sul,VERB,22599
pôr a mesa,PRON,23563
pôr de parte,PRON,13665
pôr do sol,VERB,17467
público,ADJ,16428
púrpura,NOUN,16436
quadrado,VERB,17242
quadro,VERB,12852
qual,NOUN,18238
qualidade,VERB,24720
qualquer coisa,NOUN,12400
quando,NOUN,18234
quantos,NOUN,14908
quaresma,VERB,21322
quarta parte,NOUN,24932
quarta-feira,VERB,18216
quarto,VERB,12650
quatro,NOUN,8500
que coisa,NOUN,18231
quebra nozes,VERB,22566
queijo,VERB,13157
queijo de coelho,VERB,22364
queijo fresco,VERB,22359
queijo para barrar,VERB,22360
queimadura,ADJ,12923
queimadura solar,VERB,24766
queimar,PRON,12922
queixo,VERB,13169
quem,NOUN,18244
quente,ADJ,14900
querer,PRON,18035
quiabo,VERB,24706
quieto,ADJ,24285
quilha de um navio,VERB,22064
quinta,VERB,14151
quinta-feira,VERB,17728
quintal,VERB,18287
quiropodista,PREP,21601
quisleu,VERB,15151
química,VERB,21544
químico,PREP,21562
rabanete,VERB,16454
radiação electromagnética,VERB,13922
radiação nuclear,VERB,15740
radioso,ADJ,17465
rainha,PREP,23626
raiva,VERB,16449
raiz do dente,VERB,16688
ralhar,PRON,21361
ramadão,VERB,21324
ramo,VERB,17263
rampa,VERB,23629
rapariga,PREP,14439
rapaz,PREP,12888
rapel,VERB,22110
raposa,VERB,14394
raquetes,VERB,16452
raspar,PRON,16945
rastejar,PRON,13603
rato,VERB,12386
rato-almiscarado,VERB,15684
raviolis,VERB,22134
raízes dos vegetais,VERB,18005
real,ADJ,16467
reboque,VERB,18028
receber,PRON,14435
receita,VERB,16469
recente,ADJ,16468
recepção,VERB,24502
recheio para sanduíche,VERB,17238
recife,VERB,23458
recinto,VERB,13934
recipiente para a areia,VERB,16717
recipiente para cozinhar por meio da acção do vapor,VERB,22586
recordar,PRON,16485
recreio,VERB,16202
rectangular,ADJ,16473
rectificadora,VERB,22562
rectângulo,VERB,16472
recuar,PRON,12612
rede de pesca,VERB,21357
rede para apanhar animais,VERB,23595
redondo,ADJ,16693
refeição,VERB,15438
refeição leve,VERB,17187
reflector,VERB,22385
reflexo,VERB,15476
reflexólogo,PREP,21604
reforma,VERB,24489
reformado,ADJ,25155
refúgio subterrâneo,VERB,17970
regador,VERB,24331
regar,PRON,24330
regresso,VERB,16499
rei,PREP,23559
reino unido,VERB,17979
relativizador,NOUN,16482
relações anais,VERB,12373
relações sexuais,VERB,16931
religioso,ADJ,16484
religião,VERB,16483
relinchar,PRON,24199
reluzente,ADJ,12903
relva,VERB,14636
relâmpagos,VERB,15209
relógio,VERB,13363
remo,VERB,22051
remos,VERB,21801
rena,VERB,16478
reparar,PRON,14192
repetir,PRON,16487
reprodução,VERB,16488
repuxo,VERB,24900
república checa,VERB,25043
requisitar,PRON,16489
reservatório de água,VERB,23247
residente,PREP,16491
resolver,PRON,17206
respeito,VERB,16494
respirar,VERB,12900
respiração artificial,VERB,12584
responder,PRON,12394
resposta,VERB,12393
ressentir,PRON,16490
ressurreição,VERB,21316
restaurante,VERB,16498
reunir,PRON,14426
reunião,VERB,14427
reunião religiosa,VERB,21288
revista,VERB,15407
reza,VERB,16237
rezar,PRON,16236
rico,ADJ,16506
rifle,VERB,16510
rima,VERB,16502
rinoceronte,VERB,16501
rins,VERB,24176
rio,VERB,16677
riquexó,VERB,16508
riquezas,VERB,16952
rir,VERB,24824
rir-se,PRON,15178
rocha,VERB,17267
roda,VERB,18232
roda da massa,VERB,22132
rodar,PRON,16690
rolar,PRON,23640
rolo da massa,VERB,22592
rolo de pão,VERB,16683
rolos de couve estufada,VERB,23502
roménia,VERB,25417
roncar,PRON,24140
rosa,NOUN,16184
rosto,VERB,14138
roubar,PRON,23667
roupa interior,VERB,17974
roupas,VERB,13366
roupão,VERB,13879
rouquidão,ADJ,17225
rua,VERB,17441
rugir,PRON,24139
ruínas,VERB,23641
rádio,VERB,16453
rápido,ADJ,16446
rápidos,VERB,22623
râguebi,VERB,20593
régua,VERB,16698
sabbath,VERB,14113
sabonete,VERB,17200
sabor,VERB,17506
saca rolhas,VERB,22395
saca-rolhas,VERB,22564
saco,VERB,16701
saco cama,VERB,17010
sacramento,VERB,21102
sacramento das ordens sacras,VERB,21107
sacramento do casamento,VERB,21108
sacramento dos doentes,VERB,21109
sacrificar,PRON,22831
sacrifício,VERB,22832
sagitário,VERB,22645
sagrada família,PREP,21089
saia,VERB,17002
sair,PRON,14126
sair para baixo,NOUN,15944
sal,VERB,20523
sala,VERB,16687
sala da terapia da fala,VERB,24277
sala de aulas,VERB,13353
sala de cinema,VERB,15670
sala de concertos,VERB,13396
sala de estar,VERB,15224
sala de estudo,VERB,15202
sala de fisioterapia,VERB,24212
sala de jantar,VERB,13680
sala de jogos,VERB,15482
sala de recreio,VERB,16203
sala de terapia ocupacional,VERB,24201
sala de trabalho,VERB,23252
sala de visitas,VERB,24465
salada,VERB,16709
salada de frutas servida em copos,VERB,22142
salada de marisco,VERB,22305
salada de massa,VERB,22306
salgado,ADJ,16712
saliva,VERB,16710
salmão,VERB,23195
salpicar,PRON,17232
salsa,VERB,16723
salsicha,VERB,16726
saltar,PRON,15139
saltar só som um pé,PRON,14892
salto com vara,VERB,22114
salto do sapato,VERB,25455
salto em altura,VERB,21843
salto em comprimento,VERB,21845
salto à vara,VERB,21844
saltos de esqui,VERB,21866
salvador,PREP,21043
salvação,VERB,24253
salários,VERB,18027
sanduíche,VERB,16718
sandálias,VERB,16716
sangrar,PRON,12855
sangue,VERB,12861
sanitários,VERB,17747
santidade,VERB,21082
santidade da vida,VERB,21087
santificar,PRON,21084
santo,ADJ,21041
santíssima trindade,VERB,23115
sapato,VERB,16959
sapato para a neve,VERB,25613
sapatos para a neve,VERB,17197
sapo,VERB,14402
sari,VERB,16720
sarigueia,VERB,15926
sarimner,VERB,22825
satisfação,VERB,16721
saturno,VERB,24505
satélite,VERB,24624
saudável,ADJ,14691
sauna,VERB,16725
saxofone,VERB,23946
saúde,VERB,14690
se,NOUN,14927
se faz favor,OTHER,15967
secador de cabelo,VERB,24141
secar,PRON,13888
seco,ADJ,13887
secretária,VERB,13663
secretário,PREP,15418
seda,VERB,23211
sede,ADJ,17719
segredar,PRON,18240
segredo,VERB,16745
seguir,PRON,14376
segunda-feira,VERB,15483
segundo,VERB,16743
segurar,PRON,14882
seguro,ADJ,16704
seguro médico,VERB,15447
seis,NOUN,8502
sela,VERB,22839
selva,VERB,25202
sem fim,ADJ,21331
semana,VERB,18217
semana seguinte,VERB,15715
semelhante,OTHER,16984
semente,VERB,16749
sempre,ADJ,12368
sentar,PRON,16995
sentido da vida,VERB,21607
sentimento,VERB,14164
sentir,PRON,14163
sentir a falta de alguém,PRON,15478
sentir pesar,PRON,21296
sentir-se mal,ADJ,12615
separar,PRON,23471
ser,PRON,12639
ser causado por,PRON,13136
ser humano,PREP,16161
sereia,PREP,23590
serenidade,VERB,15981
seringa,VERB,17491
serpear,PRON,18252
serpente,VERB,17189
serra,VERB,16727
serralharia,VERB,24190
serviço de reserva militar,VERB,15467
serviço militar,VERB,14650
serviços,VERB,23203
sesta,VERB,17008
sete,NOUN,8503
setembro,VERB,16761
setentrional,ADJ,15731
seu,NOUN,14962
seus,NOUN,14962
sexo oral,VERB,15930
sexta-feira,VERB,14400
sexualidade,VERB,16933
sidra,VERB,22347
significado,VERB,15441
significar,PRON,15440
silêncio,VERB,16981
sim,OTHER,18294
simpático,ADJ,15717
sinagoga,VERB,17490
sinais de trânsito,VERB,24735
sino,VERB,12662
sirene,VERB,24616
sistema nervoso central,VERB,21585
sistema solar,VERB,22836
situação,VERB,24720
siv,PREP,22653
sivan,VERB,16996
sleipner,VERB,22824
snooker,VERB,22099
snow board,VERB,21868
snowboard,VERB,21869
soalho,VERB,14202
soar,PRON,17217
sobrancelha,VERB,14134
sobre,NOUN,15948
sobremesa,VERB,13664
sobrenatural,VERB,21036
sobrinha,PREP,15718
sobrinho,PREP,15707
sociologia,VERB,21551
sociólogo,PREP,21568
soco,PRON,14717
sofrer,VERB,12331
sofá,VERB,13419
sol,VERB,17462
soldado,PREP,17204
soletrar,PRON,23665
solidéu,VERB,17004
solitário,ADJ,15228
solstício do verão,VERB,15465
soluço,VERB,25075
som,VERB,17216
som grave num navio,VERB,22060
somar,VERB,12339
sombra,VERB,24746
sonhar,PRON,13875
sopa,VERB,17218
soprar,PRON,12862
sorrir,PRON,17021
sorte,VERB,15402
sortudo,ADJ,15403
soutien,VERB,12889
squash,VERB,22101
sua,PREP,14715
suas,NOUN,14962
suave,ADJ,17186
subtracção,VERB,17449
subtrair,PRON,17448
sucesso,VERB,17451
suculento,ADJ,22349
suficiente,ADJ,13939
sugerir,PRON,17454
sugestão,VERB,17455
suiça,VERB,25184
sujo,ADJ,13683
sul,VERB,17219
sumo de fruta,VERB,14406
sumo de uva,VERB,14633
sumário,VERB,25179
suor,VERB,17475
supermercado,VERB,14645
surdez,ADJ,13643
surf com vela e prancha,VERB,21885
surpreender,PRON,17470
surpreendido,ADJ,23962
surpresa,VERB,23960
suécia,VERB,22617
sábado,VERB,16722
sábado entre judeus,VERB,16700
século,VERB,13144
sémen,VERB,16757
série de edifícios,VERB,23815
símbolo bliss,VERB,12857
só,ADJ,12363
sótão,VERB,23026
tabaco,VERB,17743
taco,VERB,12635
tailândia,VERB,25416
tala,VERB,24279
talete,VERB,17501
talhador,VERB,15159
talheres,VERB,17993
talvez,ADJ,16226
tamanho,VERB,23214
tambor,VERB,23854
tampa,VERB,22583
tampa do computador,VERB,23562
tamuz,VERB,17502
tandem,VERB,21816
tangerina,VERB,17503
tanque,VERB,17504
tanque de óleo,VERB,22071
tapete pequeno e grosso,VERB,16696
tarde,ADJ,15177
tardinha,VERB,13950
tartaruga,VERB,17959
tatuagem,VERB,25499
taxista,PREP,17510
teatro,VERB,16970
tebet,VERB,17530
tecer,PRON,18215
tecido,VERB,13365
tecla,VERB,23553
teclado,VERB,23555
teclado alternativo,VERB,23601
tecnologia,VERB,25189
tecto,VERB,13139
telefonar,PRON,22904
telefone,VERB,17518
telemóvel,VERB,23592
telescópio,VERB,22635
televisão,VERB,17519
telhado,VERB,16686
telégrafo,VERB,24042
tem um som parecido com,OTHER,16986
tema,VERB,23669
temer,PRON,14159
tempero,VERB,14198
tempestade,VERB,17271
tempo,VERB,18214
temporizador,VERB,23238
tenda,VERB,17523
tenho  devo,PRON,15685
tentar,PRON,17787
tentilhão,VERB,17211
ter,PRON,14685
ter esperança,PRON,14893
ter êxito,PRON,17450
terapeuta,PREP,17706
terapeuta da fala,PREP,21590
terapeuta de aromas,PREP,21603
terapeuta de dança,PREP,21599
terapeuta de música,PREP,21598
terapeuta ocupacional,PREP,21591
terapia,VERB,21589
terapia da fala,VERB,24276
terapia ocupacional,VERB,24200
terma,VERB,22632
terminar,PRON,14181
termómetro,VERB,17709
terra,VERB,13901
terramoto,VERB,22620
terrorista,PREP,17526
terça-feira,VERB,17790
tesouras,VERB,16736
tesouro,VERB,25143
testa,VERB,14384
testículo,VERB,17529
teu,PREP,18471
teus,PREP,18470
tia,PREP,12596
tigela,VERB,13403
tigre,VERB,17731
tinta,VERB,15956
tio,PREP,17967
tiranossaurus,VERB,23699
tiras de batatas,VERB,16231
tiras de chocolate,VERB,22343
tiro com arco,VERB,21856
tisri,VERB,17737
toalha,VERB,17762
toalha de altar,VERB,21369
toalha de mesa,VERB,17494
toalhetes,VERB,17738
tobogã,VERB,21871
tocar,PRON,17761
toda a gente,NOUN,14117
todo conhecedor,ADJ,21328
todo poderoso,ADJ,21329
tomar duche,PRON,16969
tomar um banho de sol,PRON,24765
tomate,VERB,17749
tonto,ADJ,24642
topo,VERB,17758
tor,PREP,22652
tora,VERB,17760
toranja,VERB,14634
tornado,VERB,23887
tornar-se,PRON,12648
torneira,VERB,24516
tornozelo,VERB,12391
torrada,VERB,17740
torradeira,VERB,17742
torrar,PRON,17741
torre,VERB,23240
torre de vigilância,VERB,23245
torta,VERB,16173
tossir,PRON,13420
toucinho entremeado,VERB,12614
touro,VERB,12920
touros a lutarem,VERB,12921
trabalhar,PRON,18274
trabalho de casa,VERB,23533
trabalho de grupo,VERB,24305
trabalho de parto,VERB,15165
trabalho manual,VERB,13431
tradição familiar,PREP,14144
traduzir,PRON,17769
trajo de fantasia,VERB,13418
trampolim,VERB,17768
trancar,PRON,15227
trancinhas,VERB,25023
tranquilidade,ADJ,16447
tranquilo,ADJ,15982
transferidor,VERB,23180
transformador de comida,VERB,22393
transpirar,PRON,17474
transportar,PRON,13125
traqueia,VERB,25505
traseira,NOUN,25364
travar,PRON,24850
travessa,VERB,22575
travesso,ADJ,15694
travesti,PREP,17771
travestie,PREP,17770
trazer,PRON,12904
trempe,VERB,22595
trenó,VERB,17007
trenó de cavalos,VERB,21873
trenó de cão,VERB,21878
trenó para cães,VERB,21874
trepar,PRON,13360
tresandar,PRON,17019
trevo,VERB,16939
triangular,ADJ,17777
triatlo,VERB,21858
tribo,VERB,21609
tribunal,VERB,23052
triceratops,VERB,23694
triciclo,VERB,17778
tricotar,PRON,15160
trigo,VERB,24780
triste,ADJ,16702
tristeza,VERB,16703
triângulo,VERB,17776
trocar,PRON,14118
trombeta,VERB,14895
trombone,VERB,23970
trompa de falópio,VERB,14143
trompeta,VERB,23971
tronco,VERB,17783
trotar,PRON,24319
trotinete,VERB,21811
trovão,VERB,17727
tráfego,VERB,17766
três,NOUN,8499
três paus verticais unidos por barras horizontais,VERB,21809
tu,PREP,18299
tu próprio,PREP,18465
tua,PREP,18468
tuba,VERB,23973
tubarão,VERB,16942
tubo,VERB,16187
tudo,NOUN,12360
turma,VERB,13352
turquia,VERB,25206
tyr,PREP,22820
tábua,VERB,12868
tábua de engomar,VERB,14957
tâmara,VERB,13637
ténis,VERB,17522
ténis de mesa,VERB,16183
ténis de praia,VERB,12641
térmita,VERB,17524
tórax,VERB,13161
túnel,VERB,24321
ucrânia,VERB,25207
um,NOUN,8497
um de dois,NOUN,13914
uma,NOUN,12321
uma vez,ADJ,15919
umbigo,VERB,24198
unha,VERB,13355
unidade,VERB,17978
uniforme escolar,VERB,24743
unir,PRON,14154
universal,ADJ,21380
universidade,VERB,17980
uretra,VERB,17988
urina,VERB,17990
urna,VERB,21281
urso,VERB,12643
usar,PRON,17991
usar o inalador,VERB,25328
uvas,VERB,14635
vaca,VERB,13430
vagem,VERB,15987
vagina,VERB,17996
vale,VERB,17999
valhalá,VERB,22827
valia,VERB,13949
vamos,PRON,15197
vampiro,PREP,25209
vapor,VERB,17255
vaporizador para o cabelo,VERB,23880
vara de esqui,VERB,17000
varanda,VERB,12620
varinha de condão,VERB,18034
varrer,PRON,12913
vasectomia,VERB,18002
vaso,VERB,21282
vaso de conservas,VERB,22588
vassoura,VERB,12908
vaticinar,PRON,21051
vazante,VERB,22627
vazio,ADJ,13932
veado,VERB,12381
vedação,VERB,14167
vegetais,VERB,18004
vegetal em forma de cilindro,VERB,18007
vela,VERB,13117
velejar,VERB,22049
velho,ADJ,15915
velho testamento,VERB,21070
velocidade,VERB,23216
vencer,PRON,18254
vender,PRON,16756
venenoso,VERB,16215
vento,VERB,18255
ventoinha,VERB,24104
ventoínha,VERB,25362
ver,PRON,16747
verdade,ADJ,17782
verde,NOUN,14641
vergar,PRON,24412
vergonha,VERB,16937
vermelho,NOUN,16474
verniz para as unhas,VERB,15690
vertical,ADJ,23249
verão,VERB,17459
vestes talares,VERB,21370
vestido,VERB,13876
vestir,PRON,13877
vestiário,VERB,24063
vestuário,VERB,22097
vesícula seminal,VERB,16758
veterinário,PREP,25392
vez,VERB,17956
veículo,VERB,18010
viagem,VERB,17779
viajante,PREP,23693
viajar,PRON,17772
vida,VERB,15206
vida eterna,VERB,13945
vidro,VERB,14441
vila,VERB,18012
vinagre,VERB,18013
vinho,VERB,18258
vinho de málaga,VERB,15664
vinho espumoso,VERB,22345
viola,VERB,23879
violação,VERB,16462
violeta,NOUN,18014
violino,VERB,23983
violoncelo,VERB,23834
viquingue,PREP,22828
vir,PRON,13383
virar,PRON,17957
virgem,VERB,22642
virgem maria,PREP,21046
virgindade,VERB,18015
visita de estudo,VERB,15945
visitar,PRON,18017
visitas,PREP,18018
visão,VERB,21300
vitela,VERB,18003
viver,PRON,15222
vizinho,PREP,15705
voador,ADJ,14373
voar,PRON,14372
vocação,VERB,21359
voleibol,VERB,21804
voltagem,VERB,25396
voltar,PRON,16500
voltímetro,VERB,23075
voluntário,PREP,18021
vomitar,PRON,18022
vossas,PREP,18472
vossos,PREP,18472
voyerismo,VERB,18023
voz,VERB,23984
vulva,VERB,18025
vários,NOUN,16762
vénus,VERB,24522
véspera de natal,VERB,25441
véu,VERB,21614
vós,PREP,18298
vós próprios,PREP,18302
vúlcano,VERB,18020
woden,PREP,22650
xarope da árvore,VERB,22337
xarope de bordo,VERB,22338
xarope de milho,VERB,22339
xarope doce,VERB,22335
xilofone,VERB,23986
xiva,PREP,16958
xivaísmo,VERB,21295
zangado,ADJ,12377
zero,NOUN,8496
zoologia,VERB,21549
zoólogo,PREP,21566
à frente de,NOUN,12656
à tarde,VERB,23157
à volta de,NOUN,12580
ácaro,VERB,15480
ácido,ADJ,16944
áfrica,VERB,22602
áfrica do sul,VERB,22615
água,VERB,18209
águas profundas,VERB,22630
áries,VERB,22638
árvore,VERB,17775
árvore de natal,VERB,21371
ás vezes,ADJ,17208
ásia,VERB,22604
áustria,VERB,25015
âmbula,VERB,21365
âncora,VERB,24604
ângulo,VERB,12376
ângulo direito,VERB,16674
ânus,VERB,12396
é claro,ADJ,14961
íman,VERB,25338
índia,VERB,25090
índigo,NOUN,14938
íntimo,ADJ,14951
óculos de sol,VERB,24767
óculos para ver,VERB,14443
ópera,VERB,23597
órgãos,VERB,24202
órgãos sexuais femininos,VERB,14432
órgãos sexuais masculinos,VERB,14433
último,ADJ,15173
úrano,VERB,24521
útero,VERB,17994
